<?xml version="1.0" encoding="UTF-8" standalone="no"?>
<catalog xmlns="urn:oasis:names:tc:entity:xmlns:xml:catalog" prefer="system">
    <system systemId="http://www.springframework.org/schema/aop/spring-aop-4.0.xsd" uri="www.springframework.org/schema/aop/spring-aop-4.0.xsd"/>
    <system systemId="http://www.springframework.org/schema/context/spring-context-4.0.xsd" uri="www.springframework.org/schema/context/spring-context-4.0.xsd"/>
    <system systemId="http://www.springframework.org/schema/jee/spring-jee-4.0.xsd" uri="www.springframework.org/schema/jee/spring-jee-4.0.xsd"/>
    <system systemId="http://www.springframework.org/schema/jms/spring-jms-4.0.xsd" uri="www.springframework.org/schema/jms/spring-jms-4.0.xsd"/>
    <system systemId="http://www.springframework.org/schema/lang/spring-lang-4.0.xsd" uri="www.springframework.org/schema/lang/spring-lang-4.0.xsd"/>
    <system systemId="http://www.springframework.org/schema/osgi/spring-osgi-1.2.xsd" uri="www.springframework.org/schema/osgi/spring-osgi-1.2.xsd"/>
    <system systemId="http://www.springframework.org/schema/tx/spring-tx-4.0.xsd" uri="www.springframework.org/schema/tx/spring-tx-4.0.xsd"/>
    <system systemId="http://www.springframework.org/schema/util/spring-util-4.0.xsd" uri="www.springframework.org/schema/util/spring-util-4.0.xsd"/>
    <system systemId="http://www.springframework.org/schema/beans/spring-beans-4.0.xsd" uri="www.springframework.org/schema/beans/spring-beans-4.0.xsd"/>
    <system systemId="http://www.springframework.org/schema/tool/spring-tool-4.0.xsd" uri="www.springframework.org/schema/tool/spring-tool-4.0.xsd"/>
</catalog>